{"version":"01.00.00","projectName":"ImageCat","projectPages":[{"pageName":"page1","pageID":"12b98357:17e981ec778:-8000","eramlModelFile":"page1.cbaml","eramlDiagramFile":"page1.cbaml_diagram","pageType":"SIMPLE","pageTags":["STANDARD_PAGE"]}],"resources":[{"path":"C:\\Users\\kroeh\\AppData\\Local\\CBA-IB-9.9.0\\IB\\workspace\\Projects\\resources","name":"Item001.png"},{"path":"C:\\Users\\kroeh\\AppData\\Local\\CBA-IB-9.9.0\\IB\\workspace\\Projects\\resources","name":"Item002.png"},{"path":"C:\\Users\\kroeh\\AppData\\Local\\CBA-IB-9.9.0\\IB\\workspace\\Projects\\resources","name":"Item003.png"},{"path":"C:\\Users\\kroeh\\AppData\\Local\\CBA-IB-9.9.0\\IB\\workspace\\Projects\\resources","name":"Item004.png"},{"path":"C:\\Users\\kroeh\\AppData\\Local\\CBA-IB-9.9.0\\IB\\workspace\\Projects\\resources","name":"Item005.png"},{"path":"C:\\Users\\kroeh\\AppData\\Local\\CBA-IB-9.9.0\\IB\\workspace\\Projects\\resources","name":"Item006.png"},{"path":"C:\\Users\\kroeh\\AppData\\Local\\CBA-IB-9.9.0\\IB\\workspace\\Projects\\resources","name":"Item007.png"},{"path":"C:\\Users\\kroeh\\AppData\\Local\\CBA-IB-9.9.0\\IB\\workspace\\Projects\\resources","name":"Item008.png"},{"path":"C:\\Users\\kroeh\\AppData\\Local\\CBA-IB-9.9.0\\IB\\workspace\\Projects\\resources","name":"Item009.png"},{"path":"C:\\Users\\kroeh\\AppData\\Local\\CBA-IB-9.9.0\\IB\\workspace\\Projects\\resources","name":"Item010.png"},{"path":"C:\\Users\\kroeh\\AppData\\Local\\CBA-IB-9.9.0\\IB\\workspace\\Projects\\resources","name":"Item011.png"},{"path":"C:\\Users\\kroeh\\AppData\\Local\\CBA-IB-9.9.0\\IB\\workspace\\Projects\\resources","name":"Item012.png"},{"path":"C:\\Users\\kroeh\\AppData\\Local\\CBA-IB-9.9.0\\IB\\workspace\\Projects\\resources","name":"Item013.png"},{"path":"C:\\Users\\kroeh\\AppData\\Local\\CBA-IB-9.9.0\\IB\\workspace\\Projects\\resources","name":"Item014.png"},{"path":"C:\\Users\\kroeh\\AppData\\Local\\CBA-IB-9.9.0\\IB\\workspace\\Projects\\resources","name":"Item015.png"},{"path":"C:\\Users\\kroeh\\AppData\\Local\\CBA-IB-9.9.0\\IB\\workspace\\Projects\\resources","name":"Item016.png"},{"path":"C:\\Users\\kroeh\\AppData\\Local\\CBA-IB-9.9.0\\IB\\workspace\\Projects\\resources","name":"Item017.png"},{"path":"C:\\Users\\kroeh\\AppData\\Local\\CBA-IB-9.9.0\\IB\\workspace\\Projects\\resources","name":"Item018.png"},{"path":"C:\\Users\\kroeh\\AppData\\Local\\CBA-IB-9.9.0\\IB\\workspace\\Projects\\resources","name":"Item019.png"},{"path":"C:\\Users\\kroeh\\AppData\\Local\\CBA-IB-9.9.0\\IB\\workspace\\Projects\\resources","name":"Item020.png"},{"path":"C:\\Users\\kroeh\\AppData\\Local\\CBA-IB-9.9.0\\IB\\workspace\\Projects\\resources","name":"Item021.png"},{"path":"C:\\Users\\kroeh\\AppData\\Local\\CBA-IB-9.9.0\\IB\\workspace\\Projects\\resources","name":"Item022.png"},{"path":"C:\\Users\\kroeh\\AppData\\Local\\CBA-IB-9.9.0\\IB\\workspace\\Projects\\resources","name":"Item023.png"},{"path":"C:\\Users\\kroeh\\AppData\\Local\\CBA-IB-9.9.0\\IB\\workspace\\Projects\\resources","name":"Item024.png"},{"path":"C:\\Users\\kroeh\\AppData\\Local\\CBA-IB-9.9.0\\IB\\workspace\\Projects\\resources","name":"Item025.png"},{"path":"C:\\Users\\kroeh\\AppData\\Local\\CBA-IB-9.9.0\\IB\\workspace\\Projects\\resources","name":"Item026.png"},{"path":"C:\\Users\\kroeh\\AppData\\Local\\CBA-IB-9.9.0\\IB\\workspace\\Projects\\resources","name":"Item027.png"},{"path":"C:\\Users\\kroeh\\AppData\\Local\\CBA-IB-9.9.0\\IB\\workspace\\Projects\\resources","name":"Item028.png"},{"path":"C:\\Users\\kroeh\\AppData\\Local\\CBA-IB-9.9.0\\IB\\workspace\\Projects\\resources","name":"Item029.png"},{"path":"C:\\Users\\kroeh\\AppData\\Local\\CBA-IB-9.9.0\\IB\\workspace\\Projects\\resources","name":"Item030.png"},{"path":"C:\\Users\\kroeh\\AppData\\Local\\CBA-IB-9.9.0\\IB\\workspace\\Projects\\resources","name":"Item031.png"},{"path":"C:\\Users\\kroeh\\AppData\\Local\\CBA-IB-9.9.0\\IB\\workspace\\Projects\\resources","name":"Item032.png"},{"path":"C:\\Users\\kroeh\\AppData\\Local\\CBA-IB-9.9.0\\IB\\workspace\\Projects\\resources","name":"Item033.png"},{"path":"C:\\Users\\kroeh\\AppData\\Local\\CBA-IB-9.9.0\\IB\\workspace\\Projects\\resources","name":"Item034.png"},{"path":"C:\\Users\\kroeh\\AppData\\Local\\CBA-IB-9.9.0\\IB\\workspace\\Projects\\resources","name":"Item035.png"},{"path":"C:\\Users\\kroeh\\AppData\\Local\\CBA-IB-9.9.0\\IB\\workspace\\Projects\\resources","name":"Item036.png"},{"path":"C:\\Users\\kroeh\\AppData\\Local\\CBA-IB-9.9.0\\IB\\workspace\\Projects\\resources","name":"Item037.png"},{"path":"C:\\Users\\kroeh\\AppData\\Local\\CBA-IB-9.9.0\\IB\\workspace\\Projects\\resources","name":"Item038.png"},{"path":"C:\\Users\\kroeh\\AppData\\Local\\CBA-IB-9.9.0\\IB\\workspace\\Projects\\resources","name":"Item039.png"},{"path":"C:\\Users\\kroeh\\AppData\\Local\\CBA-IB-9.9.0\\IB\\workspace\\Projects\\resources","name":"Item040.png"},{"path":"C:\\Users\\kroeh\\AppData\\Local\\CBA-IB-9.9.0\\IB\\workspace\\Projects\\resources","name":"Item041.png"},{"path":"C:\\Users\\kroeh\\AppData\\Local\\CBA-IB-9.9.0\\IB\\workspace\\Projects\\resources","name":"Item042.png"},{"path":"C:\\Users\\kroeh\\AppData\\Local\\CBA-IB-9.9.0\\IB\\workspace\\Projects\\resources","name":"Item043.png"},{"path":"C:\\Users\\kroeh\\AppData\\Local\\CBA-IB-9.9.0\\IB\\workspace\\Projects\\resources","name":"Item044.png"},{"path":"C:\\Users\\kroeh\\AppData\\Local\\CBA-IB-9.9.0\\IB\\workspace\\Projects\\resources","name":"Item045.png"},{"path":"C:\\Users\\kroeh\\AppData\\Local\\CBA-IB-9.9.0\\IB\\workspace\\Projects\\resources","name":"Item046.png"},{"path":"C:\\Users\\kroeh\\AppData\\Local\\CBA-IB-9.9.0\\IB\\workspace\\Projects\\resources","name":"Item047.png"},{"path":"C:\\Users\\kroeh\\AppData\\Local\\CBA-IB-9.9.0\\IB\\workspace\\Projects\\resources","name":"Item048.png"},{"path":"C:\\Users\\kroeh\\AppData\\Local\\CBA-IB-9.9.0\\IB\\workspace\\Projects\\resources","name":"Item049.png"},{"path":"C:\\Users\\kroeh\\AppData\\Local\\CBA-IB-9.9.0\\IB\\workspace\\Projects\\resources","name":"Item050.png"},{"path":"C:\\Users\\kroeh\\AppData\\Local\\CBA-IB-9.9.0\\IB\\workspace\\Projects\\resources","name":"Item051.png"},{"path":"C:\\Users\\kroeh\\AppData\\Local\\CBA-IB-9.9.0\\IB\\workspace\\Projects\\resources","name":"Item052.png"},{"path":"C:\\Users\\kroeh\\AppData\\Local\\CBA-IB-9.9.0\\IB\\workspace\\Projects\\resources","name":"Item053.png"},{"path":"C:\\Users\\kroeh\\AppData\\Local\\CBA-IB-9.9.0\\IB\\workspace\\Projects\\resources","name":"Item054.png"},{"path":"C:\\Users\\kroeh\\AppData\\Local\\CBA-IB-9.9.0\\IB\\workspace\\Projects\\resources","name":"Item055.png"},{"path":"C:\\Users\\kroeh\\AppData\\Local\\CBA-IB-9.9.0\\IB\\workspace\\Projects\\resources","name":"Item056.png"},{"path":"C:\\Users\\kroeh\\AppData\\Local\\CBA-IB-9.9.0\\IB\\workspace\\Projects\\resources","name":"Item057.png"},{"path":"C:\\Users\\kroeh\\AppData\\Local\\CBA-IB-9.9.0\\IB\\workspace\\Projects\\resources","name":"Item058.png"},{"path":"C:\\Users\\kroeh\\AppData\\Local\\CBA-IB-9.9.0\\IB\\workspace\\Projects\\resources","name":"Item059.png"},{"path":"C:\\Users\\kroeh\\AppData\\Local\\CBA-IB-9.9.0\\IB\\workspace\\Projects\\resources","name":"Item060.png"},{"path":"C:\\Users\\kroeh\\AppData\\Local\\CBA-IB-9.9.0\\IB\\workspace\\Projects\\resources","name":"Item061.png"},{"path":"C:\\Users\\kroeh\\AppData\\Local\\CBA-IB-9.9.0\\IB\\workspace\\Projects\\resources","name":"Item062.png"},{"path":"C:\\Users\\kroeh\\AppData\\Local\\CBA-IB-9.9.0\\IB\\workspace\\Projects\\resources","name":"Item063.png"},{"path":"C:\\Users\\kroeh\\AppData\\Local\\CBA-IB-9.9.0\\IB\\workspace\\Projects\\resources","name":"Item064.png"},{"path":"C:\\Users\\kroeh\\AppData\\Local\\CBA-IB-9.9.0\\IB\\workspace\\Projects\\resources","name":"Item065.png"},{"path":"C:\\Users\\kroeh\\AppData\\Local\\CBA-IB-9.9.0\\IB\\workspace\\Projects\\resources","name":"Item066.png"},{"path":"C:\\Users\\kroeh\\AppData\\Local\\CBA-IB-9.9.0\\IB\\workspace\\Projects\\resources","name":"Item067.png"},{"path":"C:\\Users\\kroeh\\AppData\\Local\\CBA-IB-9.9.0\\IB\\workspace\\Projects\\resources","name":"Item068.png"},{"path":"C:\\Users\\kroeh\\AppData\\Local\\CBA-IB-9.9.0\\IB\\workspace\\Projects\\resources","name":"Item069.png"},{"path":"C:\\Users\\kroeh\\AppData\\Local\\CBA-IB-9.9.0\\IB\\workspace\\Projects\\resources","name":"Item070.png"},{"path":"C:\\Users\\kroeh\\AppData\\Local\\CBA-IB-9.9.0\\IB\\workspace\\Projects\\resources","name":"Item071.png"},{"path":"C:\\Users\\kroeh\\AppData\\Local\\CBA-IB-9.9.0\\IB\\workspace\\Projects\\resources","name":"Item072.png"},{"path":"C:\\Users\\kroeh\\AppData\\Local\\CBA-IB-9.9.0\\IB\\workspace\\Projects\\resources","name":"Item073.png"},{"path":"C:\\Users\\kroeh\\AppData\\Local\\CBA-IB-9.9.0\\IB\\workspace\\Projects\\resources","name":"Item074.png"},{"path":"C:\\Users\\kroeh\\AppData\\Local\\CBA-IB-9.9.0\\IB\\workspace\\Projects\\resources","name":"Item075.png"},{"path":"C:\\Users\\kroeh\\AppData\\Local\\CBA-IB-9.9.0\\IB\\workspace\\Projects\\resources","name":"Item076.png"},{"path":"C:\\Users\\kroeh\\AppData\\Local\\CBA-IB-9.9.0\\IB\\workspace\\Projects\\resources","name":"Item077.png"},{"path":"C:\\Users\\kroeh\\AppData\\Local\\CBA-IB-9.9.0\\IB\\workspace\\Projects\\resources","name":"Item078.png"},{"path":"C:\\Users\\kroeh\\AppData\\Local\\CBA-IB-9.9.0\\IB\\workspace\\Projects\\resources","name":"Item079.png"},{"path":"C:\\Users\\kroeh\\AppData\\Local\\CBA-IB-9.9.0\\IB\\workspace\\Projects\\resources","name":"Item080.png"},{"path":"C:\\Users\\kroeh\\AppData\\Local\\CBA-IB-9.9.0\\IB\\workspace\\Projects\\resources","name":"Item081.png"},{"path":"C:\\Users\\kroeh\\AppData\\Local\\CBA-IB-9.9.0\\IB\\workspace\\Projects\\resources","name":"Item082.png"},{"path":"C:\\Users\\kroeh\\AppData\\Local\\CBA-IB-9.9.0\\IB\\workspace\\Projects\\resources","name":"Item083.png"},{"path":"C:\\Users\\kroeh\\AppData\\Local\\CBA-IB-9.9.0\\IB\\workspace\\Projects\\resources","name":"Item084.png"},{"path":"C:\\Users\\kroeh\\AppData\\Local\\CBA-IB-9.9.0\\IB\\workspace\\Projects\\resources","name":"Item085.png"},{"path":"C:\\Users\\kroeh\\AppData\\Local\\CBA-IB-9.9.0\\IB\\workspace\\Projects\\resources","name":"Item086.png"},{"path":"C:\\Users\\kroeh\\AppData\\Local\\CBA-IB-9.9.0\\IB\\workspace\\Projects\\resources","name":"Item087.png"},{"path":"C:\\Users\\kroeh\\AppData\\Local\\CBA-IB-9.9.0\\IB\\workspace\\Projects\\resources","name":"Item088.png"},{"path":"C:\\Users\\kroeh\\AppData\\Local\\CBA-IB-9.9.0\\IB\\workspace\\Projects\\resources","name":"Item089.png"},{"path":"C:\\Users\\kroeh\\AppData\\Local\\CBA-IB-9.9.0\\IB\\workspace\\Projects\\resources","name":"Item090.png"},{"path":"C:\\Users\\kroeh\\AppData\\Local\\CBA-IB-9.9.0\\IB\\workspace\\Projects\\resources","name":"Item091.png"},{"path":"C:\\Users\\kroeh\\AppData\\Local\\CBA-IB-9.9.0\\IB\\workspace\\Projects\\resources","name":"Item092.png"},{"path":"C:\\Users\\kroeh\\AppData\\Local\\CBA-IB-9.9.0\\IB\\workspace\\Projects\\resources","name":"Item093.png"},{"path":"C:\\Users\\kroeh\\AppData\\Local\\CBA-IB-9.9.0\\IB\\workspace\\Projects\\resources","name":"Item094.png"},{"path":"C:\\Users\\kroeh\\AppData\\Local\\CBA-IB-9.9.0\\IB\\workspace\\Projects\\resources","name":"Item095.png"},{"path":"C:\\Users\\kroeh\\AppData\\Local\\CBA-IB-9.9.0\\IB\\workspace\\Projects\\resources","name":"Item096.png"},{"path":"C:\\Users\\kroeh\\AppData\\Local\\CBA-IB-9.9.0\\IB\\workspace\\Projects\\resources","name":"Item097.png"},{"path":"C:\\Users\\kroeh\\AppData\\Local\\CBA-IB-9.9.0\\IB\\workspace\\Projects\\resources","name":"Item098.png"},{"path":"C:\\Users\\kroeh\\AppData\\Local\\CBA-IB-9.9.0\\IB\\workspace\\Projects\\resources","name":"Item099.png"},{"path":"C:\\Users\\kroeh\\AppData\\Local\\CBA-IB-9.9.0\\IB\\workspace\\Projects\\resources","name":"Item100.png"},{"path":"C:\\Users\\kroeh\\AppData\\Local\\CBA-IB-9.9.0\\IB\\workspace\\Projects\\resources","name":"Item101.png"},{"path":"C:\\Users\\kroeh\\AppData\\Local\\CBA-IB-9.9.0\\IB\\workspace\\Projects\\resources","name":"Item102.png"},{"path":"C:\\Users\\kroeh\\AppData\\Local\\CBA-IB-9.9.0\\IB\\workspace\\Projects\\resources","name":"Item103.png"},{"path":"C:\\Users\\kroeh\\AppData\\Local\\CBA-IB-9.9.0\\IB\\workspace\\Projects\\resources","name":"Item104.png"},{"path":"C:\\Users\\kroeh\\AppData\\Local\\CBA-IB-9.9.0\\IB\\workspace\\Projects\\resources","name":"Item105.png"},{"path":"C:\\Users\\kroeh\\AppData\\Local\\CBA-IB-9.9.0\\IB\\workspace\\Projects\\resources","name":"Item106.png"},{"path":"C:\\Users\\kroeh\\AppData\\Local\\CBA-IB-9.9.0\\IB\\workspace\\Projects\\resources","name":"Item107.png"},{"path":"C:\\Users\\kroeh\\AppData\\Local\\CBA-IB-9.9.0\\IB\\workspace\\Projects\\resources","name":"Item108.png"},{"path":"C:\\Users\\kroeh\\AppData\\Local\\CBA-IB-9.9.0\\IB\\workspace\\Projects\\resources","name":"Item109.png"},{"path":"C:\\Users\\kroeh\\AppData\\Local\\CBA-IB-9.9.0\\IB\\workspace\\Projects\\resources","name":"Item110.png"},{"path":"C:\\Users\\kroeh\\AppData\\Local\\CBA-IB-9.9.0\\IB\\workspace\\Projects\\resources","name":"Item111.png"},{"path":"C:\\Users\\kroeh\\AppData\\Local\\CBA-IB-9.9.0\\IB\\workspace\\Projects\\resources","name":"Item112.png"},{"path":"C:\\Users\\kroeh\\AppData\\Local\\CBA-IB-9.9.0\\IB\\workspace\\Projects\\resources","name":"Item113.png"},{"path":"C:\\Users\\kroeh\\AppData\\Local\\CBA-IB-9.9.0\\IB\\workspace\\Projects\\resources","name":"Item114.png"},{"path":"C:\\Users\\kroeh\\AppData\\Local\\CBA-IB-9.9.0\\IB\\workspace\\Projects\\resources","name":"Item115.png"},{"path":"C:\\Users\\kroeh\\AppData\\Local\\CBA-IB-9.9.0\\IB\\workspace\\Projects\\resources","name":"Item116.png"},{"path":"C:\\Users\\kroeh\\AppData\\Local\\CBA-IB-9.9.0\\IB\\workspace\\Projects\\resources","name":"Item117.png"},{"path":"C:\\Users\\kroeh\\AppData\\Local\\CBA-IB-9.9.0\\IB\\workspace\\Projects\\resources","name":"Item118.png"},{"path":"C:\\Users\\kroeh\\AppData\\Local\\CBA-IB-9.9.0\\IB\\workspace\\Projects\\resources","name":"Item119.png"},{"path":"C:\\Users\\kroeh\\AppData\\Local\\CBA-IB-9.9.0\\IB\\workspace\\Projects\\resources","name":"Item120.png"},{"path":"C:\\Users\\kroeh\\AppData\\Local\\CBA-IB-9.9.0\\IB\\workspace\\Projects\\resources","name":"Item121.png"},{"path":"C:\\Users\\kroeh\\AppData\\Local\\CBA-IB-9.9.0\\IB\\workspace\\Projects\\resources","name":"Item122.png"},{"path":"C:\\Users\\kroeh\\AppData\\Local\\CBA-IB-9.9.0\\IB\\workspace\\Projects\\resources","name":"Item123.png"},{"path":"C:\\Users\\kroeh\\AppData\\Local\\CBA-IB-9.9.0\\IB\\workspace\\Projects\\resources","name":"Item124.png"},{"path":"C:\\Users\\kroeh\\AppData\\Local\\CBA-IB-9.9.0\\IB\\workspace\\Projects\\resources","name":"Item125.png"},{"path":"C:\\Users\\kroeh\\AppData\\Local\\CBA-IB-9.9.0\\IB\\workspace\\Projects\\resources","name":"Item126.png"},{"path":"C:\\Users\\kroeh\\AppData\\Local\\CBA-IB-9.9.0\\IB\\workspace\\Projects\\resources","name":"Item127.png"},{"path":"C:\\Users\\kroeh\\AppData\\Local\\CBA-IB-9.9.0\\IB\\workspace\\Projects\\resources","name":"Item128.png"},{"path":"C:\\Users\\kroeh\\AppData\\Local\\CBA-IB-9.9.0\\IB\\workspace\\Projects\\resources","name":"Item129.png"},{"path":"C:\\Users\\kroeh\\AppData\\Local\\CBA-IB-9.9.0\\IB\\workspace\\Projects\\resources","name":"Item130.png"},{"path":"C:\\Users\\kroeh\\AppData\\Local\\CBA-IB-9.9.0\\IB\\workspace\\Projects\\resources","name":"Item131.png"},{"path":"C:\\Users\\kroeh\\AppData\\Local\\CBA-IB-9.9.0\\IB\\workspace\\Projects\\resources","name":"Item132.png"},{"path":"C:\\Users\\kroeh\\AppData\\Local\\CBA-IB-9.9.0\\IB\\workspace\\Projects\\resources","name":"Item133.png"},{"path":"C:\\Users\\kroeh\\AppData\\Local\\CBA-IB-9.9.0\\IB\\workspace\\Projects\\resources","name":"Item134.png"},{"path":"C:\\Users\\kroeh\\AppData\\Local\\CBA-IB-9.9.0\\IB\\workspace\\Projects\\resources","name":"Item135.png"},{"path":"C:\\Users\\kroeh\\AppData\\Local\\CBA-IB-9.9.0\\IB\\workspace\\Projects\\resources","name":"Item136.png"},{"path":"C:\\Users\\kroeh\\AppData\\Local\\CBA-IB-9.9.0\\IB\\workspace\\Projects\\resources","name":"Item137.png"},{"path":"C:\\Users\\kroeh\\AppData\\Local\\CBA-IB-9.9.0\\IB\\workspace\\Projects\\resources","name":"Item138.png"},{"path":"C:\\Users\\kroeh\\AppData\\Local\\CBA-IB-9.9.0\\IB\\workspace\\Projects\\resources","name":"Item139.png"},{"path":"C:\\Users\\kroeh\\AppData\\Local\\CBA-IB-9.9.0\\IB\\workspace\\Projects\\resources","name":"Item140.png"},{"path":"C:\\Users\\kroeh\\AppData\\Local\\CBA-IB-9.9.0\\IB\\workspace\\Projects\\resources","name":"Item141.png"},{"path":"C:\\Users\\kroeh\\AppData\\Local\\CBA-IB-9.9.0\\IB\\workspace\\Projects\\resources","name":"Item142.png"},{"path":"C:\\Users\\kroeh\\AppData\\Local\\CBA-IB-9.9.0\\IB\\workspace\\Projects\\resources","name":"Item143.png"},{"path":"C:\\Users\\kroeh\\AppData\\Local\\CBA-IB-9.9.0\\IB\\workspace\\Projects\\resources","name":"Item144.png"},{"path":"C:\\Users\\kroeh\\AppData\\Local\\CBA-IB-9.9.0\\IB\\workspace\\Projects\\resources","name":"Item145.png"},{"path":"C:\\Users\\kroeh\\AppData\\Local\\CBA-IB-9.9.0\\IB\\workspace\\Projects\\resources","name":"Item146.png"},{"path":"C:\\Users\\kroeh\\AppData\\Local\\CBA-IB-9.9.0\\IB\\workspace\\Projects\\resources","name":"Item147.png"},{"path":"C:\\Users\\kroeh\\AppData\\Local\\CBA-IB-9.9.0\\IB\\workspace\\Projects\\resources","name":"Item148.png"},{"path":"C:\\Users\\kroeh\\AppData\\Local\\CBA-IB-9.9.0\\IB\\workspace\\Projects\\resources","name":"Item149.png"},{"path":"C:\\Users\\kroeh\\AppData\\Local\\CBA-IB-9.9.0\\IB\\workspace\\Projects\\resources","name":"Item150.png"},{"path":"C:\\Users\\kroeh\\AppData\\Local\\CBA-IB-9.9.0\\IB\\workspace\\Projects\\resources","name":"Item151.png"},{"path":"C:\\Users\\kroeh\\AppData\\Local\\CBA-IB-9.9.0\\IB\\workspace\\Projects\\resources","name":"Item152.png"},{"path":"C:\\Users\\kroeh\\AppData\\Local\\CBA-IB-9.9.0\\IB\\workspace\\Projects\\resources","name":"Item153.png"},{"path":"C:\\Users\\kroeh\\AppData\\Local\\CBA-IB-9.9.0\\IB\\workspace\\Projects\\resources","name":"Item154.png"},{"path":"C:\\Users\\kroeh\\AppData\\Local\\CBA-IB-9.9.0\\IB\\workspace\\Projects\\resources","name":"Item155.png"},{"path":"C:\\Users\\kroeh\\AppData\\Local\\CBA-IB-9.9.0\\IB\\workspace\\Projects\\resources","name":"Item156.png"},{"path":"C:\\Users\\kroeh\\AppData\\Local\\CBA-IB-9.9.0\\IB\\workspace\\Projects\\resources","name":"Item157.png"},{"path":"C:\\Users\\kroeh\\AppData\\Local\\CBA-IB-9.9.0\\IB\\workspace\\Projects\\resources","name":"Item158.png"},{"path":"C:\\Users\\kroeh\\AppData\\Local\\CBA-IB-9.9.0\\IB\\workspace\\Projects\\resources","name":"Item159.png"},{"path":"C:\\Users\\kroeh\\AppData\\Local\\CBA-IB-9.9.0\\IB\\workspace\\Projects\\resources","name":"Item160.png"},{"path":"C:\\Users\\kroeh\\AppData\\Local\\CBA-IB-9.9.0\\IB\\workspace\\Projects\\resources","name":"Item161.png"},{"path":"C:\\Users\\kroeh\\AppData\\Local\\CBA-IB-9.9.0\\IB\\workspace\\Projects\\resources","name":"Item162.png"},{"path":"C:\\Users\\kroeh\\AppData\\Local\\CBA-IB-9.9.0\\IB\\workspace\\Projects\\resources","name":"Item163.png"},{"path":"C:\\Users\\kroeh\\AppData\\Local\\CBA-IB-9.9.0\\IB\\workspace\\Projects\\resources","name":"Item164.png"},{"path":"C:\\Users\\kroeh\\AppData\\Local\\CBA-IB-9.9.0\\IB\\workspace\\Projects\\resources","name":"Item165.png"},{"path":"C:\\Users\\kroeh\\AppData\\Local\\CBA-IB-9.9.0\\IB\\workspace\\Projects\\resources","name":"Item166.png"},{"path":"C:\\Users\\kroeh\\AppData\\Local\\CBA-IB-9.9.0\\IB\\workspace\\Projects\\resources","name":"Item167.png"},{"path":"C:\\Users\\kroeh\\AppData\\Local\\CBA-IB-9.9.0\\IB\\workspace\\Projects\\resources","name":"Item168.png"},{"path":"C:\\Users\\kroeh\\AppData\\Local\\CBA-IB-9.9.0\\IB\\workspace\\Projects\\resources","name":"Item169.png"},{"path":"C:\\Users\\kroeh\\AppData\\Local\\CBA-IB-9.9.0\\IB\\workspace\\Projects\\resources","name":"Item170.png"},{"path":"C:\\Users\\kroeh\\AppData\\Local\\CBA-IB-9.9.0\\IB\\workspace\\Projects\\resources","name":"Item171.png"},{"path":"C:\\Users\\kroeh\\AppData\\Local\\CBA-IB-9.9.0\\IB\\workspace\\Projects\\resources","name":"Item172.png"},{"path":"C:\\Users\\kroeh\\AppData\\Local\\CBA-IB-9.9.0\\IB\\workspace\\Projects\\resources","name":"Item173.png"},{"path":"C:\\Users\\kroeh\\AppData\\Local\\CBA-IB-9.9.0\\IB\\workspace\\Projects\\resources","name":"Item174.png"},{"path":"C:\\Users\\kroeh\\AppData\\Local\\CBA-IB-9.9.0\\IB\\workspace\\Projects\\resources","name":"Item175.png"},{"path":"C:\\Users\\kroeh\\AppData\\Local\\CBA-IB-9.9.0\\IB\\workspace\\Projects\\resources","name":"Item176.png"},{"path":"C:\\Users\\kroeh\\AppData\\Local\\CBA-IB-9.9.0\\IB\\workspace\\Projects\\resources","name":"Item177.png"},{"path":"C:\\Users\\kroeh\\AppData\\Local\\CBA-IB-9.9.0\\IB\\workspace\\Projects\\resources","name":"Item178.png"},{"path":"C:\\Users\\kroeh\\AppData\\Local\\CBA-IB-9.9.0\\IB\\workspace\\Projects\\resources","name":"Item179.png"},{"path":"C:\\Users\\kroeh\\AppData\\Local\\CBA-IB-9.9.0\\IB\\workspace\\Projects\\resources","name":"Item180.png"},{"path":"C:\\Users\\kroeh\\AppData\\Local\\CBA-IB-9.9.0\\IB\\workspace\\Projects\\resources","name":"Item181.png"},{"path":"C:\\Users\\kroeh\\AppData\\Local\\CBA-IB-9.9.0\\IB\\workspace\\Projects\\resources","name":"Item182.png"},{"path":"C:\\Users\\kroeh\\AppData\\Local\\CBA-IB-9.9.0\\IB\\workspace\\Projects\\resources","name":"Item183.png"},{"path":"C:\\Users\\kroeh\\AppData\\Local\\CBA-IB-9.9.0\\IB\\workspace\\Projects\\resources","name":"Item184.png"},{"path":"C:\\Users\\kroeh\\AppData\\Local\\CBA-IB-9.9.0\\IB\\workspace\\Projects\\resources","name":"Item185.png"},{"path":"C:\\Users\\kroeh\\AppData\\Local\\CBA-IB-9.9.0\\IB\\workspace\\Projects\\resources","name":"Item186.png"},{"path":"C:\\Users\\kroeh\\AppData\\Local\\CBA-IB-9.9.0\\IB\\workspace\\Projects\\resources","name":"Item187.png"},{"path":"C:\\Users\\kroeh\\AppData\\Local\\CBA-IB-9.9.0\\IB\\workspace\\Projects\\resources","name":"Item188.png"},{"path":"C:\\Users\\kroeh\\AppData\\Local\\CBA-IB-9.9.0\\IB\\workspace\\Projects\\resources","name":"Item189.png"},{"path":"C:\\Users\\kroeh\\AppData\\Local\\CBA-IB-9.9.0\\IB\\workspace\\Projects\\resources","name":"Item190.png"},{"path":"C:\\Users\\kroeh\\AppData\\Local\\CBA-IB-9.9.0\\IB\\workspace\\Projects\\resources","name":"Item191.png"},{"path":"C:\\Users\\kroeh\\AppData\\Local\\CBA-IB-9.9.0\\IB\\workspace\\Projects\\resources","name":"Item192.png"},{"path":"C:\\Users\\kroeh\\AppData\\Local\\CBA-IB-9.9.0\\IB\\workspace\\Projects\\resources","name":"Item193.png"},{"path":"C:\\Users\\kroeh\\AppData\\Local\\CBA-IB-9.9.0\\IB\\workspace\\Projects\\resources","name":"Item194.png"},{"path":"C:\\Users\\kroeh\\AppData\\Local\\CBA-IB-9.9.0\\IB\\workspace\\Projects\\resources","name":"Item195.png"},{"path":"C:\\Users\\kroeh\\AppData\\Local\\CBA-IB-9.9.0\\IB\\workspace\\Projects\\resources","name":"Item196.png"},{"path":"C:\\Users\\kroeh\\AppData\\Local\\CBA-IB-9.9.0\\IB\\workspace\\Projects\\resources","name":"Item197.png"},{"path":"C:\\Users\\kroeh\\AppData\\Local\\CBA-IB-9.9.0\\IB\\workspace\\Projects\\resources","name":"Item198.png"},{"path":"C:\\Users\\kroeh\\AppData\\Local\\CBA-IB-9.9.0\\IB\\workspace\\Projects\\resources","name":"Item199.png"},{"path":"C:\\Users\\kroeh\\AppData\\Local\\CBA-IB-9.9.0\\IB\\workspace\\Projects\\resources","name":"Item200.png"},{"path":"C:\\Users\\kroeh\\AppData\\Local\\CBA-IB-9.9.0\\IB\\workspace\\Projects\\resources","name":"Item201.png"},{"path":"C:\\Users\\kroeh\\AppData\\Local\\CBA-IB-9.9.0\\IB\\workspace\\Projects\\resources","name":"Item202.png"},{"path":"C:\\Users\\kroeh\\AppData\\Local\\CBA-IB-9.9.0\\IB\\workspace\\Projects\\resources","name":"Item203.png"},{"path":"C:\\Users\\kroeh\\AppData\\Local\\CBA-IB-9.9.0\\IB\\workspace\\Projects\\resources","name":"Item204.png"},{"path":"C:\\Users\\kroeh\\AppData\\Local\\CBA-IB-9.9.0\\IB\\workspace\\Projects\\resources","name":"Item205.png"},{"path":"C:\\Users\\kroeh\\AppData\\Local\\CBA-IB-9.9.0\\IB\\workspace\\Projects\\resources","name":"Item206.png"},{"path":"C:\\Users\\kroeh\\AppData\\Local\\CBA-IB-9.9.0\\IB\\workspace\\Projects\\resources","name":"Item207.png"},{"path":"C:\\Users\\kroeh\\AppData\\Local\\CBA-IB-9.9.0\\IB\\workspace\\Projects\\resources","name":"Item208.png"},{"path":"C:\\Users\\kroeh\\AppData\\Local\\CBA-IB-9.9.0\\IB\\workspace\\Projects\\resources","name":"Item209.png"},{"path":"C:\\Users\\kroeh\\AppData\\Local\\CBA-IB-9.9.0\\IB\\workspace\\Projects\\resources","name":"Item210.png"},{"path":"C:\\Users\\kroeh\\AppData\\Local\\CBA-IB-9.9.0\\IB\\workspace\\Projects\\resources","name":"Item211.png"},{"path":"C:\\Users\\kroeh\\AppData\\Local\\CBA-IB-9.9.0\\IB\\workspace\\Projects\\resources","name":"Item212.png"},{"path":"C:\\Users\\kroeh\\AppData\\Local\\CBA-IB-9.9.0\\IB\\workspace\\Projects\\resources","name":"Item213.png"},{"path":"C:\\Users\\kroeh\\AppData\\Local\\CBA-IB-9.9.0\\IB\\workspace\\Projects\\resources","name":"Item214.png"},{"path":"C:\\Users\\kroeh\\AppData\\Local\\CBA-IB-9.9.0\\IB\\workspace\\Projects\\resources","name":"Item215.png"},{"path":"C:\\Users\\kroeh\\AppData\\Local\\CBA-IB-9.9.0\\IB\\workspace\\Projects\\resources","name":"Item216.png"},{"path":"C:\\Users\\kroeh\\AppData\\Local\\CBA-IB-9.9.0\\IB\\workspace\\Projects\\resources","name":"Item217.png"},{"path":"C:\\Users\\kroeh\\AppData\\Local\\CBA-IB-9.9.0\\IB\\workspace\\Projects\\resources","name":"Item218.png"},{"path":"C:\\Users\\kroeh\\AppData\\Local\\CBA-IB-9.9.0\\IB\\workspace\\Projects\\resources","name":"Item219.png"},{"path":"C:\\Users\\kroeh\\AppData\\Local\\CBA-IB-9.9.0\\IB\\workspace\\Projects\\resources","name":"Item220.png"},{"path":"C:\\Users\\kroeh\\AppData\\Local\\CBA-IB-9.9.0\\IB\\workspace\\Projects\\resources","name":"Item221.png"},{"path":"C:\\Users\\kroeh\\AppData\\Local\\CBA-IB-9.9.0\\IB\\workspace\\Projects\\resources","name":"Item222.png"},{"path":"C:\\Users\\kroeh\\AppData\\Local\\CBA-IB-9.9.0\\IB\\workspace\\Projects\\resources","name":"Item223.png"},{"path":"C:\\Users\\kroeh\\AppData\\Local\\CBA-IB-9.9.0\\IB\\workspace\\Projects\\resources","name":"Item224.png"},{"path":"C:\\Users\\kroeh\\AppData\\Local\\CBA-IB-9.9.0\\IB\\workspace\\Projects\\resources","name":"Item225.png"},{"path":"C:\\Users\\kroeh\\AppData\\Local\\CBA-IB-9.9.0\\IB\\workspace\\Projects\\resources","name":"Item226.png"},{"path":"C:\\Users\\kroeh\\AppData\\Local\\CBA-IB-9.9.0\\IB\\workspace\\Projects\\resources","name":"Item227.png"},{"path":"C:\\Users\\kroeh\\AppData\\Local\\CBA-IB-9.9.0\\IB\\workspace\\Projects\\resources","name":"Item228.png"},{"path":"C:\\Users\\kroeh\\AppData\\Local\\CBA-IB-9.9.0\\IB\\workspace\\Projects\\resources","name":"Item229.png"},{"path":"C:\\Users\\kroeh\\AppData\\Local\\CBA-IB-9.9.0\\IB\\workspace\\Projects\\resources","name":"Item230.png"},{"path":"C:\\Users\\kroeh\\AppData\\Local\\CBA-IB-9.9.0\\IB\\workspace\\Projects\\resources","name":"Item231.png"},{"path":"C:\\Users\\kroeh\\AppData\\Local\\CBA-IB-9.9.0\\IB\\workspace\\Projects\\resources","name":"Item232.png"},{"path":"C:\\Users\\kroeh\\AppData\\Local\\CBA-IB-9.9.0\\IB\\workspace\\Projects\\resources","name":"Item233.png"},{"path":"C:\\Users\\kroeh\\AppData\\Local\\CBA-IB-9.9.0\\IB\\workspace\\Projects\\resources","name":"Item234.png"},{"path":"C:\\Users\\kroeh\\AppData\\Local\\CBA-IB-9.9.0\\IB\\workspace\\Projects\\resources","name":"Item235.png"},{"path":"C:\\Users\\kroeh\\AppData\\Local\\CBA-IB-9.9.0\\IB\\workspace\\Projects\\resources","name":"Item236.png"},{"path":"C:\\Users\\kroeh\\AppData\\Local\\CBA-IB-9.9.0\\IB\\workspace\\Projects\\resources","name":"Item237.png"},{"path":"C:\\Users\\kroeh\\AppData\\Local\\CBA-IB-9.9.0\\IB\\workspace\\Projects\\resources","name":"Item238.png"},{"path":"C:\\Users\\kroeh\\AppData\\Local\\CBA-IB-9.9.0\\IB\\workspace\\Projects\\resources","name":"Item239.png"},{"path":"C:\\Users\\kroeh\\AppData\\Local\\CBA-IB-9.9.0\\IB\\workspace\\Projects\\resources","name":"Item240.png"},{"path":"C:\\Users\\kroeh\\AppData\\Local\\CBA-IB-9.9.0\\IB\\workspace\\Projects\\resources","name":"Item241.png"},{"path":"C:\\Users\\kroeh\\AppData\\Local\\CBA-IB-9.9.0\\IB\\workspace\\Projects\\resources","name":"Item242.png"},{"path":"C:\\Users\\kroeh\\AppData\\Local\\CBA-IB-9.9.0\\IB\\workspace\\Projects\\resources","name":"Item243.png"},{"path":"C:\\Users\\kroeh\\AppData\\Local\\CBA-IB-9.9.0\\IB\\workspace\\Projects\\resources","name":"Item244.png"},{"path":"C:\\Users\\kroeh\\AppData\\Local\\CBA-IB-9.9.0\\IB\\workspace\\Projects\\resources","name":"Item245.png"},{"path":"C:\\Users\\kroeh\\AppData\\Local\\CBA-IB-9.9.0\\IB\\workspace\\Projects\\resources","name":"Item246.png"},{"path":"C:\\Users\\kroeh\\AppData\\Local\\CBA-IB-9.9.0\\IB\\workspace\\Projects\\resources","name":"Item247.png"},{"path":"C:\\Users\\kroeh\\AppData\\Local\\CBA-IB-9.9.0\\IB\\workspace\\Projects\\resources","name":"Item248.png"},{"path":"C:\\Users\\kroeh\\AppData\\Local\\CBA-IB-9.9.0\\IB\\workspace\\Projects\\resources","name":"Item249.png"},{"path":"C:\\Users\\kroeh\\AppData\\Local\\CBA-IB-9.9.0\\IB\\workspace\\Projects\\resources","name":"Item250.png"},{"path":"C:\\Users\\kroeh\\AppData\\Local\\CBA-IB-9.9.0\\IB\\workspace\\Projects\\resources","name":"Item251.png"},{"path":"C:\\Users\\kroeh\\AppData\\Local\\CBA-IB-9.9.0\\IB\\workspace\\Projects\\resources","name":"Item252.png"},{"path":"C:\\Users\\kroeh\\AppData\\Local\\CBA-IB-9.9.0\\IB\\workspace\\Projects\\resources","name":"Item253.png"},{"path":"C:\\Users\\kroeh\\AppData\\Local\\CBA-IB-9.9.0\\IB\\workspace\\Projects\\resources","name":"Item254.png"},{"path":"C:\\Users\\kroeh\\AppData\\Local\\CBA-IB-9.9.0\\IB\\workspace\\Projects\\resources","name":"Item255.png"},{"path":"C:\\Users\\kroeh\\AppData\\Local\\CBA-IB-9.9.0\\IB\\workspace\\Projects\\resources","name":"Item256.png"},{"path":"C:\\Users\\kroeh\\AppData\\Local\\CBA-IB-9.9.0\\IB\\workspace\\Projects\\resources","name":"Item257.png"},{"path":"C:\\Users\\kroeh\\AppData\\Local\\CBA-IB-9.9.0\\IB\\workspace\\Projects\\resources","name":"Item258.png"},{"path":"C:\\Users\\kroeh\\AppData\\Local\\CBA-IB-9.9.0\\IB\\workspace\\Projects\\resources","name":"Item259.png"},{"path":"C:\\Users\\kroeh\\AppData\\Local\\CBA-IB-9.9.0\\IB\\workspace\\Projects\\resources","name":"Item260.png"},{"path":"C:\\Users\\kroeh\\AppData\\Local\\CBA-IB-9.9.0\\IB\\workspace\\Projects\\resources","name":"Item261.png"},{"path":"C:\\Users\\kroeh\\AppData\\Local\\CBA-IB-9.9.0\\IB\\workspace\\Projects\\resources","name":"Item262.png"},{"path":"C:\\Users\\kroeh\\AppData\\Local\\CBA-IB-9.9.0\\IB\\workspace\\Projects\\resources","name":"Item263.png"},{"path":"C:\\Users\\kroeh\\AppData\\Local\\CBA-IB-9.9.0\\IB\\workspace\\Projects\\resources","name":"Item264.png"},{"path":"C:\\Users\\kroeh\\AppData\\Local\\CBA-IB-9.9.0\\IB\\workspace\\Projects\\resources","name":"Item265.png"},{"path":"C:\\Users\\kroeh\\AppData\\Local\\CBA-IB-9.9.0\\IB\\workspace\\Projects\\resources","name":"Item266.png"},{"path":"C:\\Users\\kroeh\\AppData\\Local\\CBA-IB-9.9.0\\IB\\workspace\\Projects\\resources","name":"Item267.png"},{"path":"C:\\Users\\kroeh\\AppData\\Local\\CBA-IB-9.9.0\\IB\\workspace\\Projects\\resources","name":"Item268.png"},{"path":"C:\\Users\\kroeh\\AppData\\Local\\CBA-IB-9.9.0\\IB\\workspace\\Projects\\resources","name":"Item269.png"},{"path":"C:\\Users\\kroeh\\AppData\\Local\\CBA-IB-9.9.0\\IB\\workspace\\Projects\\resources","name":"Item270.png"}],"bilingual":false}