{
  "runtimeCompatibilityVersion" : "9.9.0",
  "itemName" : "ImageCat",
  "itemWidth" : 1024,
  "itemHeight" : 768,
  "tasks" : [ "Item001", "Item002", "Item003", "Item004", "Item005", "Item006", "Item007", "Item008", "Item009", "Item010", "Item011", "Item012", "Item013", "Item014", "Item015", "Item016", "Item017", "Item018", "Item019", "Item020" ],
  "resources" : [ {
    "pathInZip" : "resources\\Item080.png",
    "size" : 28025,
    "type" : "image"
  }, {
    "pathInZip" : "resources\\Item072.png",
    "size" : 13712,
    "type" : "image"
  }, {
    "pathInZip" : "resources\\Item161.png",
    "size" : 31184,
    "type" : "image"
  }, {
    "pathInZip" : "resources\\Item249.png",
    "size" : 82514,
    "type" : "image"
  }, {
    "pathInZip" : "resources\\Item117.png",
    "size" : 49029,
    "type" : "image"
  }, {
    "pathInZip" : "resources\\Item257.png",
    "size" : 33328,
    "type" : "image"
  }, {
    "pathInZip" : "resources\\Item028.png",
    "size" : 16330,
    "type" : "image"
  }, {
    "pathInZip" : "resources\\Item129.png",
    "size" : 30015,
    "type" : "image"
  }, {
    "pathInZip" : "resources\\Item168.png",
    "size" : 53519,
    "type" : "image"
  }, {
    "pathInZip" : "resources\\Item214.png",
    "size" : 23744,
    "type" : "image"
  }, {
    "pathInZip" : "resources\\Item125.png",
    "size" : 20332,
    "type" : "image"
  }, {
    "pathInZip" : "resources\\Item218.png",
    "size" : 22489,
    "type" : "image"
  }, {
    "pathInZip" : "resources\\Item230.png",
    "size" : 70185,
    "type" : "image"
  }, {
    "pathInZip" : "resources\\Item176.png",
    "size" : 19411,
    "type" : "image"
  }, {
    "pathInZip" : "resources\\Item133.png",
    "size" : 23670,
    "type" : "image"
  }, {
    "pathInZip" : "resources\\Item036.png",
    "size" : 14124,
    "type" : "image"
  }, {
    "pathInZip" : "resources\\Item052.png",
    "size" : 54871,
    "type" : "image"
  }, {
    "pathInZip" : "resources\\Item079.png",
    "size" : 23131,
    "type" : "image"
  }, {
    "pathInZip" : "resources\\Item269.png",
    "size" : 24245,
    "type" : "image"
  }, {
    "pathInZip" : "resources\\Item226.png",
    "size" : 73561,
    "type" : "image"
  }, {
    "pathInZip" : "resources\\Item048.png",
    "size" : 28449,
    "type" : "image"
  }, {
    "pathInZip" : "resources\\Item206.png",
    "size" : 63807,
    "type" : "image"
  }, {
    "pathInZip" : "resources\\Item005.png",
    "size" : 11711,
    "type" : "image"
  }, {
    "pathInZip" : "resources\\Item242.png",
    "size" : 68304,
    "type" : "image"
  }, {
    "pathInZip" : "resources\\Item021.png",
    "size" : 26255,
    "type" : "image"
  }, {
    "pathInZip" : "resources\\Item109.png",
    "size" : 213028,
    "type" : "image"
  }, {
    "pathInZip" : "resources\\Item188.png",
    "size" : 37382,
    "type" : "image"
  }, {
    "pathInZip" : "resources\\Item064.png",
    "size" : 22916,
    "type" : "image"
  }, {
    "pathInZip" : "resources\\Item102.png",
    "size" : 65465,
    "type" : "image"
  }, {
    "pathInZip" : "resources\\Item145.png",
    "size" : 26510,
    "type" : "image"
  }, {
    "pathInZip" : "resources\\Item192.png",
    "size" : 41642,
    "type" : "image"
  }, {
    "pathInZip" : "resources\\Item095.png",
    "size" : 68204,
    "type" : "image"
  }, {
    "pathInZip" : "resources\\Item068.png",
    "size" : 22207,
    "type" : "image"
  }, {
    "pathInZip" : "resources\\Item076.png",
    "size" : 7379,
    "type" : "image"
  }, {
    "pathInZip" : "resources\\Item262.png",
    "size" : 18085,
    "type" : "image"
  }, {
    "pathInZip" : "resources\\Item025.png",
    "size" : 23728,
    "type" : "image"
  }, {
    "pathInZip" : "resources\\Item157.png",
    "size" : 21334,
    "type" : "image"
  }, {
    "pathInZip" : "resources\\Item245.png",
    "size" : 31503,
    "type" : "image"
  }, {
    "pathInZip" : "resources\\Item202.png",
    "size" : 53425,
    "type" : "image"
  }, {
    "pathInZip" : "resources\\Item016.png",
    "size" : 24081,
    "type" : "image"
  }, {
    "pathInZip" : "resources\\Item033.png",
    "size" : 39553,
    "type" : "image"
  }, {
    "pathInZip" : "resources\\Item059.png",
    "size" : 95130,
    "type" : "image"
  }, {
    "pathInZip" : "resources\\Item121.png",
    "size" : 50378,
    "type" : "image"
  }, {
    "pathInZip" : "resources\\Item253.png",
    "size" : 30268,
    "type" : "image"
  }, {
    "pathInZip" : "resources\\Item040.png",
    "size" : 47574,
    "type" : "image"
  }, {
    "pathInZip" : "resources\\Item172.png",
    "size" : 33927,
    "type" : "image"
  }, {
    "pathInZip" : "resources\\Item181.png",
    "size" : 57865,
    "type" : "image"
  }, {
    "pathInZip" : "resources\\Item210.png",
    "size" : 45268,
    "type" : "image"
  }, {
    "pathInZip" : "resources\\Item270.png",
    "size" : 20118,
    "type" : "image"
  }, {
    "pathInZip" : "resources\\Item164.png",
    "size" : 76674,
    "type" : "image"
  }, {
    "pathInZip" : "resources\\Item044.png",
    "size" : 17325,
    "type" : "image"
  }, {
    "pathInZip" : "resources\\Item087.png",
    "size" : 54021,
    "type" : "image"
  }, {
    "pathInZip" : "resources\\Item001.png",
    "size" : 28623,
    "type" : "image"
  }, {
    "pathInZip" : "resources\\Item091.png",
    "size" : 36693,
    "type" : "image"
  }, {
    "pathInZip" : "resources\\Item061.png",
    "size" : 81944,
    "type" : "image"
  }, {
    "pathInZip" : "resources\\Item234.png",
    "size" : 28638,
    "type" : "image"
  }, {
    "pathInZip" : "resources\\Item153.png",
    "size" : 17877,
    "type" : "image"
  }, {
    "pathInZip" : "resources\\Item196.png",
    "size" : 55462,
    "type" : "image"
  }, {
    "pathInZip" : "resources\\Item106.png",
    "size" : 65828,
    "type" : "image"
  }, {
    "pathInZip" : "resources\\Item179.png",
    "size" : 119192,
    "type" : "image"
  }, {
    "pathInZip" : "resources\\Item136.png",
    "size" : 59718,
    "type" : "image"
  }, {
    "pathInZip" : "resources\\Item149.png",
    "size" : 28512,
    "type" : "image"
  }, {
    "pathInZip" : "resources\\Item008.png",
    "size" : 23725,
    "type" : "image"
  }, {
    "pathInZip" : "resources\\Item110.png",
    "size" : 110634,
    "type" : "image"
  }, {
    "pathInZip" : "resources\\Item160.png",
    "size" : 38795,
    "type" : "image"
  }, {
    "pathInZip" : "resources\\Item187.png",
    "size" : 37347,
    "type" : "image"
  }, {
    "pathInZip" : "resources\\Item144.png",
    "size" : 33262,
    "type" : "image"
  }, {
    "pathInZip" : "resources\\Item215.png",
    "size" : 99560,
    "type" : "image"
  }, {
    "pathInZip" : "resources\\Item126.png",
    "size" : 58144,
    "type" : "image"
  }, {
    "pathInZip" : "resources\\Item258.png",
    "size" : 56395,
    "type" : "image"
  }, {
    "pathInZip" : "resources\\Item217.png",
    "size" : 59931,
    "type" : "image"
  }, {
    "pathInZip" : "resources\\Item266.png",
    "size" : 27167,
    "type" : "image"
  }, {
    "pathInZip" : "resources\\Item037.png",
    "size" : 10561,
    "type" : "image"
  }, {
    "pathInZip" : "resources\\Item169.png",
    "size" : 72371,
    "type" : "image"
  }, {
    "pathInZip" : "resources\\Item010.png",
    "size" : 27716,
    "type" : "image"
  }, {
    "pathInZip" : "resources\\Item223.png",
    "size" : 76592,
    "type" : "image"
  }, {
    "pathInZip" : "resources\\Item209.png",
    "size" : 43800,
    "type" : "image"
  }, {
    "pathInZip" : "resources\\Item071.png",
    "size" : 39731,
    "type" : "image"
  }, {
    "pathInZip" : "resources\\Item116.png",
    "size" : 19281,
    "type" : "image"
  }, {
    "pathInZip" : "resources\\Item200.png",
    "size" : 38042,
    "type" : "image"
  }, {
    "pathInZip" : "resources\\Item065.png",
    "size" : 34834,
    "type" : "image"
  }, {
    "pathInZip" : "resources\\Item159.png",
    "size" : 51171,
    "type" : "image"
  }, {
    "pathInZip" : "resources\\Item096.png",
    "size" : 136646,
    "type" : "image"
  }, {
    "pathInZip" : "resources\\Item053.png",
    "size" : 27963,
    "type" : "image"
  }, {
    "pathInZip" : "resources\\Item022.png",
    "size" : 9631,
    "type" : "image"
  }, {
    "pathInZip" : "resources\\Item193.png",
    "size" : 47987,
    "type" : "image"
  }, {
    "pathInZip" : "resources\\Item150.png",
    "size" : 31049,
    "type" : "image"
  }, {
    "pathInZip" : "resources\\Item243.png",
    "size" : 28153,
    "type" : "image"
  }, {
    "pathInZip" : "resources\\Item081.png",
    "size" : 30966,
    "type" : "image"
  }, {
    "pathInZip" : "resources\\Item132.png",
    "size" : 36399,
    "type" : "image"
  }, {
    "pathInZip" : "resources\\Item238.png",
    "size" : 155182,
    "type" : "image"
  }, {
    "pathInZip" : "resources\\Item004.png",
    "size" : 21468,
    "type" : "image"
  }, {
    "pathInZip" : "resources\\Item047.png",
    "size" : 19770,
    "type" : "image"
  }, {
    "pathInZip" : "resources\\Item101.png",
    "size" : 161183,
    "type" : "image"
  }, {
    "pathInZip" : "resources\\Item175.png",
    "size" : 23489,
    "type" : "image"
  }, {
    "pathInZip" : "resources\\Item254.png",
    "size" : 14912,
    "type" : "image"
  }, {
    "pathInZip" : "resources\\Item122.png",
    "size" : 24073,
    "type" : "image"
  }, {
    "pathInZip" : "resources\\Item237.png",
    "size" : 27001,
    "type" : "image"
  }, {
    "pathInZip" : "resources\\Item182.png",
    "size" : 87424,
    "type" : "image"
  }, {
    "pathInZip" : "resources\\Item211.png",
    "size" : 61013,
    "type" : "image"
  }, {
    "pathInZip" : "resources\\Item105.png",
    "size" : 69274,
    "type" : "image"
  }, {
    "pathInZip" : "resources\\Item009.png",
    "size" : 34147,
    "type" : "image"
  }, {
    "pathInZip" : "resources\\Item148.png",
    "size" : 8597,
    "type" : "image"
  }, {
    "pathInZip" : "resources\\Item165.png",
    "size" : 47218,
    "type" : "image"
  }, {
    "pathInZip" : "resources\\Item032.png",
    "size" : 26193,
    "type" : "image"
  }, {
    "pathInZip" : "resources\\Item261.png",
    "size" : 26145,
    "type" : "image"
  }, {
    "pathInZip" : "resources\\Item075.png",
    "size" : 79490,
    "type" : "image"
  }, {
    "pathInZip" : "resources\\Item015.png",
    "size" : 66970,
    "type" : "image"
  }, {
    "pathInZip" : "resources\\Item092.png",
    "size" : 24766,
    "type" : "image"
  }, {
    "pathInZip" : "resources\\Item227.png",
    "size" : 157540,
    "type" : "image"
  }, {
    "pathInZip" : "resources\\Item201.png",
    "size" : 24250,
    "type" : "image"
  }, {
    "pathInZip" : "resources\\Item058.png",
    "size" : 26707,
    "type" : "image"
  }, {
    "pathInZip" : "resources\\Item244.png",
    "size" : 17691,
    "type" : "image"
  }, {
    "pathInZip" : "resources\\Item171.png",
    "size" : 58358,
    "type" : "image"
  }, {
    "pathInZip" : "resources\\Item205.png",
    "size" : 44545,
    "type" : "image"
  }, {
    "pathInZip" : "resources\\Item248.png",
    "size" : 27070,
    "type" : "image"
  }, {
    "pathInZip" : "resources\\Item222.png",
    "size" : 29361,
    "type" : "image"
  }, {
    "pathInZip" : "resources\\Item265.png",
    "size" : 32039,
    "type" : "image"
  }, {
    "pathInZip" : "resources\\Item197.png",
    "size" : 52303,
    "type" : "image"
  }, {
    "pathInZip" : "resources\\Item137.png",
    "size" : 61943,
    "type" : "image"
  }, {
    "pathInZip" : "resources\\Item154.png",
    "size" : 14303,
    "type" : "image"
  }, {
    "pathInZip" : "resources\\Item111.png",
    "size" : 332419,
    "type" : "image"
  }, {
    "pathInZip" : "resources\\Item069.png",
    "size" : 25091,
    "type" : "image"
  }, {
    "pathInZip" : "resources\\Item250.png",
    "size" : 66366,
    "type" : "image"
  }, {
    "pathInZip" : "resources\\Item026.png",
    "size" : 73972,
    "type" : "image"
  }, {
    "pathInZip" : "resources\\Item233.png",
    "size" : 36489,
    "type" : "image"
  }, {
    "pathInZip" : "resources\\Item060.png",
    "size" : 69343,
    "type" : "image"
  }, {
    "pathInZip" : "resources\\Item043.png",
    "size" : 55097,
    "type" : "image"
  }, {
    "pathInZip" : "resources\\Item216.png",
    "size" : 15258,
    "type" : "image"
  }, {
    "pathInZip" : "resources\\Item086.png",
    "size" : 15557,
    "type" : "image"
  }, {
    "pathInZip" : "resources\\Item259.png",
    "size" : 19772,
    "type" : "image"
  }, {
    "pathInZip" : "resources\\Item038.png",
    "size" : 31337,
    "type" : "image"
  }, {
    "pathInZip" : "resources\\Item127.png",
    "size" : 9540,
    "type" : "image"
  }, {
    "pathInZip" : "resources\\Item267.png",
    "size" : 62014,
    "type" : "image"
  }, {
    "pathInZip" : "resources\\Item135.png",
    "size" : 33247,
    "type" : "image"
  }, {
    "pathInZip" : "resources\\Item119.png",
    "size" : 66970,
    "type" : "image"
  }, {
    "pathInZip" : "resources\\Item224.png",
    "size" : 103597,
    "type" : "image"
  }, {
    "pathInZip" : "resources\\Item143.png",
    "size" : 31893,
    "type" : "image"
  }, {
    "pathInZip" : "resources\\Item208.png",
    "size" : 15659,
    "type" : "image"
  }, {
    "pathInZip" : "resources\\Item100.png",
    "size" : 189466,
    "type" : "image"
  }, {
    "pathInZip" : "resources\\Item089.png",
    "size" : 52959,
    "type" : "image"
  }, {
    "pathInZip" : "resources\\Item003.png",
    "size" : 5751,
    "type" : "image"
  }, {
    "pathInZip" : "resources\\Item232.png",
    "size" : 11089,
    "type" : "image"
  }, {
    "pathInZip" : "resources\\Item046.png",
    "size" : 48107,
    "type" : "image"
  }, {
    "pathInZip" : "resources\\Item178.png",
    "size" : 45512,
    "type" : "image"
  }, {
    "pathInZip" : "resources\\Item062.png",
    "size" : 25558,
    "type" : "image"
  }, {
    "pathInZip" : "resources\\Item194.png",
    "size" : 59798,
    "type" : "image"
  }, {
    "pathInZip" : "resources\\Item011.png",
    "size" : 22802,
    "type" : "image"
  }, {
    "pathInZip" : "resources\\Item186.png",
    "size" : 58078,
    "type" : "image"
  }, {
    "pathInZip" : "resources\\Item054.png",
    "size" : 38690,
    "type" : "image"
  }, {
    "pathInZip" : "resources\\Item240.png",
    "size" : 41543,
    "type" : "image"
  }, {
    "pathInZip" : "resources\\Item151.png",
    "size" : 22494,
    "type" : "image"
  }, {
    "pathInZip" : "resources\\Item097.png",
    "size" : 11092,
    "type" : "image"
  }, {
    "pathInZip" : "resources\\Item260.png",
    "size" : 28741,
    "type" : "image"
  }, {
    "pathInZip" : "resources\\Item066.png",
    "size" : 12314,
    "type" : "image"
  }, {
    "pathInZip" : "resources\\Item120.png",
    "size" : 14149,
    "type" : "image"
  }, {
    "pathInZip" : "resources\\Item163.png",
    "size" : 55460,
    "type" : "image"
  }, {
    "pathInZip" : "resources\\Item018.png",
    "size" : 46277,
    "type" : "image"
  }, {
    "pathInZip" : "resources\\Item070.png",
    "size" : 16738,
    "type" : "image"
  }, {
    "pathInZip" : "resources\\Item158.png",
    "size" : 55974,
    "type" : "image"
  }, {
    "pathInZip" : "resources\\Item212.png",
    "size" : 23622,
    "type" : "image"
  }, {
    "pathInZip" : "resources\\Item255.png",
    "size" : 12322,
    "type" : "image"
  }, {
    "pathInZip" : "resources\\Item115.png",
    "size" : 37451,
    "type" : "image"
  }, {
    "pathInZip" : "resources\\Item077.png",
    "size" : 10499,
    "type" : "image"
  }, {
    "pathInZip" : "resources\\Item034.png",
    "size" : 27694,
    "type" : "image"
  }, {
    "pathInZip" : "resources\\Item082.png",
    "size" : 20427,
    "type" : "image"
  }, {
    "pathInZip" : "resources\\Item093.png",
    "size" : 58727,
    "type" : "image"
  }, {
    "pathInZip" : "resources\\Item050.png",
    "size" : 133161,
    "type" : "image"
  }, {
    "pathInZip" : "resources\\Item131.png",
    "size" : 46345,
    "type" : "image"
  }, {
    "pathInZip" : "resources\\Item042.png",
    "size" : 85887,
    "type" : "image"
  }, {
    "pathInZip" : "resources\\Item174.png",
    "size" : 63517,
    "type" : "image"
  }, {
    "pathInZip" : "resources\\Item191.png",
    "size" : 33093,
    "type" : "image"
  }, {
    "pathInZip" : "resources\\Item085.png",
    "size" : 58284,
    "type" : "image"
  }, {
    "pathInZip" : "resources\\Item236.png",
    "size" : 73687,
    "type" : "image"
  }, {
    "pathInZip" : "resources\\Item147.png",
    "size" : 29328,
    "type" : "image"
  }, {
    "pathInZip" : "resources\\Item104.png",
    "size" : 98964,
    "type" : "image"
  }, {
    "pathInZip" : "resources\\Item239.png",
    "size" : 55650,
    "type" : "image"
  }, {
    "pathInZip" : "resources\\Item155.png",
    "size" : 22063,
    "type" : "image"
  }, {
    "pathInZip" : "resources\\Item023.png",
    "size" : 143277,
    "type" : "image"
  }, {
    "pathInZip" : "resources\\Item138.png",
    "size" : 21740,
    "type" : "image"
  }, {
    "pathInZip" : "resources\\Item112.png",
    "size" : 107789,
    "type" : "image"
  }, {
    "pathInZip" : "resources\\Item006.png",
    "size" : 43979,
    "type" : "image"
  }, {
    "pathInZip" : "resources\\Item019.png",
    "size" : 26721,
    "type" : "image"
  }, {
    "pathInZip" : "resources\\Item014.png",
    "size" : 30127,
    "type" : "image"
  }, {
    "pathInZip" : "resources\\Item074.png",
    "size" : 25840,
    "type" : "image"
  }, {
    "pathInZip" : "resources\\Item027.png",
    "size" : 37565,
    "type" : "image"
  }, {
    "pathInZip" : "resources\\Item198.png",
    "size" : 32929,
    "type" : "image"
  }, {
    "pathInZip" : "resources\\Item221.png",
    "size" : 24483,
    "type" : "image"
  }, {
    "pathInZip" : "resources\\Item057.png",
    "size" : 12996,
    "type" : "image"
  }, {
    "pathInZip" : "resources\\Item031.png",
    "size" : 23420,
    "type" : "image"
  }, {
    "pathInZip" : "resources\\Item204.png",
    "size" : 28309,
    "type" : "image"
  }, {
    "pathInZip" : "resources\\Item183.png",
    "size" : 44499,
    "type" : "image"
  }, {
    "pathInZip" : "resources\\Item247.png",
    "size" : 18440,
    "type" : "image"
  }, {
    "pathInZip" : "resources\\Item140.png",
    "size" : 50869,
    "type" : "image"
  }, {
    "pathInZip" : "resources\\Item228.png",
    "size" : 40555,
    "type" : "image"
  }, {
    "pathInZip" : "resources\\Item264.png",
    "size" : 21802,
    "type" : "image"
  }, {
    "pathInZip" : "resources\\Item170.png",
    "size" : 62796,
    "type" : "image"
  }, {
    "pathInZip" : "resources\\Item251.png",
    "size" : 33487,
    "type" : "image"
  }, {
    "pathInZip" : "resources\\Item123.png",
    "size" : 21083,
    "type" : "image"
  }, {
    "pathInZip" : "resources\\Item166.png",
    "size" : 54060,
    "type" : "image"
  }, {
    "pathInZip" : "resources\\Item020.png",
    "size" : 99058,
    "type" : "image"
  }, {
    "pathInZip" : "resources\\Item195.png",
    "size" : 59111,
    "type" : "image"
  }, {
    "pathInZip" : "resources\\Item063.png",
    "size" : 15846,
    "type" : "image"
  }, {
    "pathInZip" : "resources\\Item152.png",
    "size" : 49906,
    "type" : "image"
  }, {
    "pathInZip" : "resources\\Item055.png",
    "size" : 22835,
    "type" : "image"
  }, {
    "pathInZip" : "resources\\Item012.png",
    "size" : 62550,
    "type" : "image"
  }, {
    "pathInZip" : "resources\\Item029.png",
    "size" : 63787,
    "type" : "image"
  }, {
    "pathInZip" : "resources\\Item241.png",
    "size" : 48758,
    "type" : "image"
  }, {
    "pathInZip" : "resources\\Item098.png",
    "size" : 47294,
    "type" : "image"
  }, {
    "pathInZip" : "resources\\Item134.png",
    "size" : 20603,
    "type" : "image"
  }, {
    "pathInZip" : "resources\\Item002.png",
    "size" : 47856,
    "type" : "image"
  }, {
    "pathInZip" : "resources\\Item142.png",
    "size" : 52532,
    "type" : "image"
  }, {
    "pathInZip" : "resources\\Item185.png",
    "size" : 33700,
    "type" : "image"
  }, {
    "pathInZip" : "resources\\Item088.png",
    "size" : 30686,
    "type" : "image"
  }, {
    "pathInZip" : "resources\\Item231.png",
    "size" : 181506,
    "type" : "image"
  }, {
    "pathInZip" : "resources\\Item177.png",
    "size" : 34243,
    "type" : "image"
  }, {
    "pathInZip" : "resources\\Item045.png",
    "size" : 68082,
    "type" : "image"
  }, {
    "pathInZip" : "resources\\Item146.png",
    "size" : 50952,
    "type" : "image"
  }, {
    "pathInZip" : "resources\\Item103.png",
    "size" : 233649,
    "type" : "image"
  }, {
    "pathInZip" : "resources\\Item049.png",
    "size" : 12229,
    "type" : "image"
  }, {
    "pathInZip" : "resources\\Item108.png",
    "size" : 77598,
    "type" : "image"
  }, {
    "pathInZip" : "resources\\Item189.png",
    "size" : 44091,
    "type" : "image"
  }, {
    "pathInZip" : "resources\\Item213.png",
    "size" : 51174,
    "type" : "image"
  }, {
    "pathInZip" : "resources\\Item180.png",
    "size" : 43755,
    "type" : "image"
  }, {
    "pathInZip" : "resources\\Item035.png",
    "size" : 17165,
    "type" : "image"
  }, {
    "pathInZip" : "resources\\Item256.png",
    "size" : 35164,
    "type" : "image"
  }, {
    "pathInZip" : "resources\\Item083.png",
    "size" : 109790,
    "type" : "image"
  }, {
    "pathInZip" : "resources\\Item219.png",
    "size" : 14158,
    "type" : "image"
  }, {
    "pathInZip" : "resources\\Item128.png",
    "size" : 30957,
    "type" : "image"
  }, {
    "pathInZip" : "resources\\Item094.png",
    "size" : 63929,
    "type" : "image"
  }, {
    "pathInZip" : "resources\\Item225.png",
    "size" : 18666,
    "type" : "image"
  }, {
    "pathInZip" : "resources\\Item078.png",
    "size" : 9993,
    "type" : "image"
  }, {
    "pathInZip" : "resources\\Item051.png",
    "size" : 5594,
    "type" : "image"
  }, {
    "pathInZip" : "resources\\Item162.png",
    "size" : 66809,
    "type" : "image"
  }, {
    "pathInZip" : "resources\\Item017.png",
    "size" : 41705,
    "type" : "image"
  }, {
    "pathInZip" : "resources\\Item207.png",
    "size" : 19695,
    "type" : "image"
  }, {
    "pathInZip" : "resources\\Item268.png",
    "size" : 83360,
    "type" : "image"
  }, {
    "pathInZip" : "resources\\Item114.png",
    "size" : 56778,
    "type" : "image"
  }, {
    "pathInZip" : "resources\\Item229.png",
    "size" : 15640,
    "type" : "image"
  }, {
    "pathInZip" : "resources\\Item130.png",
    "size" : 23069,
    "type" : "image"
  }, {
    "pathInZip" : "resources\\Item113.png",
    "size" : 56366,
    "type" : "image"
  }, {
    "pathInZip" : "resources\\Item139.png",
    "size" : 74885,
    "type" : "image"
  }, {
    "pathInZip" : "resources\\Item007.png",
    "size" : 43263,
    "type" : "image"
  }, {
    "pathInZip" : "resources\\Item024.png",
    "size" : 49613,
    "type" : "image"
  }, {
    "pathInZip" : "resources\\Item199.png",
    "size" : 19302,
    "type" : "image"
  }, {
    "pathInZip" : "resources\\Item067.png",
    "size" : 35875,
    "type" : "image"
  }, {
    "pathInZip" : "resources\\Item107.png",
    "size" : 109214,
    "type" : "image"
  }, {
    "pathInZip" : "resources\\Item156.png",
    "size" : 51395,
    "type" : "image"
  }, {
    "pathInZip" : "resources\\Item084.png",
    "size" : 26821,
    "type" : "image"
  }, {
    "pathInZip" : "resources\\Item173.png",
    "size" : 31571,
    "type" : "image"
  }, {
    "pathInZip" : "resources\\Item041.png",
    "size" : 131222,
    "type" : "image"
  }, {
    "pathInZip" : "resources\\Item190.png",
    "size" : 115000,
    "type" : "image"
  }, {
    "pathInZip" : "resources\\Item141.png",
    "size" : 31750,
    "type" : "image"
  }, {
    "pathInZip" : "resources\\Item235.png",
    "size" : 19358,
    "type" : "image"
  }, {
    "pathInZip" : "resources\\Item090.png",
    "size" : 29738,
    "type" : "image"
  }, {
    "pathInZip" : "resources\\Item184.png",
    "size" : 43596,
    "type" : "image"
  }, {
    "pathInZip" : "resources\\Item167.png",
    "size" : 29733,
    "type" : "image"
  }, {
    "pathInZip" : "resources\\Item252.png",
    "size" : 50481,
    "type" : "image"
  }, {
    "pathInZip" : "resources\\Item124.png",
    "size" : 63198,
    "type" : "image"
  }, {
    "pathInZip" : "resources\\Item056.png",
    "size" : 28732,
    "type" : "image"
  }, {
    "pathInZip" : "resources\\Item013.png",
    "size" : 44555,
    "type" : "image"
  }, {
    "pathInZip" : "resources\\Item039.png",
    "size" : 24636,
    "type" : "image"
  }, {
    "pathInZip" : "resources\\Item263.png",
    "size" : 19072,
    "type" : "image"
  }, {
    "pathInZip" : "resources\\Item118.png",
    "size" : 21539,
    "type" : "image"
  }, {
    "pathInZip" : "resources\\Item220.png",
    "size" : 70563,
    "type" : "image"
  }, {
    "pathInZip" : "resources\\Item073.png",
    "size" : 67070,
    "type" : "image"
  }, {
    "pathInZip" : "resources\\Item246.png",
    "size" : 34479,
    "type" : "image"
  }, {
    "pathInZip" : "resources\\Item030.png",
    "size" : 47330,
    "type" : "image"
  }, {
    "pathInZip" : "resources\\Item203.png",
    "size" : 51037,
    "type" : "image"
  }, {
    "pathInZip" : "resources\\Item099.png",
    "size" : 26333,
    "type" : "image"
  } ],
  "externalResources" : [ ],
  "dependencies" : [ ],
  "variables" : [ {
    "name" : "item",
    "type" : "integer"
  } ]
}