{"version":"01.00.00","projectName":"UnitTestLogging","projectPages":[{"pageName":"page1","pageID":"169b13a2:186a7553e24:-8000","eramlModelFile":"page1.cbaml","eramlDiagramFile":"page1.cbaml_diagram","pageType":"SIMPLE","pageTags":["STANDARD_PAGE"]},{"pageName":"page1_pagearea_1","pageID":"169b13a2:186a7553e24:-7fff","eramlModelFile":"page1_pagearea_1.cbaml","eramlDiagramFile":"page1_pagearea_1.cbaml_diagram","pageType":"SIMPLE","pageTags":["STANDARD_PAGE"]},{"pageName":"page1_pagearea_2","pageID":"169b13a2:186a7553e24:-7ffd","eramlModelFile":"page1_pagearea_2.cbaml","eramlDiagramFile":"page1_pagearea_2.cbaml_diagram","pageType":"SIMPLE","pageTags":["X_PAGE","STANDARD_PAGE"]},{"pageName":"page1_dialog1","pageID":"169b13a2:186a7553e24:-7ffc","eramlModelFile":"page1_dialog1.cbaml","eramlDiagramFile":"page1_dialog1.cbaml_diagram","pageType":"SIMPLE","pageTags":["STANDARD_PAGE"]},{"pageName":"page1_treeview_page1","pageID":"169b13a2:186a7553e24:-7ffb","eramlModelFile":"page1_treeview_page1.cbaml","eramlDiagramFile":"page1_treeview_page1.cbaml_diagram","pageType":"SIMPLE","pageTags":["STANDARD_PAGE"]},{"pageName":"page1_treeview_page2","pageID":"169b13a2:186a7553e24:-7ff9","eramlModelFile":"page1_treeview_page2.cbaml","eramlDiagramFile":"page1_treeview_page2.cbaml_diagram","pageType":"SIMPLE","pageTags":["X_PAGE","STANDARD_PAGE"]}],"resources":[{"path":"C:\\Users\\kroeh\\AppData\\Local\\Temp\\cba-tool-temp3736538296429066388\\resources","name":"audiotest.ogg"},{"path":"C:\\Users\\kroeh\\AppData\\Local\\Temp\\cba-tool-temp3736538296429066388\\resources","name":"img.png"},{"path":"C:\\Users\\kroeh\\AppData\\Local\\Temp\\cba-tool-temp3736538296429066388\\resources","name":"map.png"},{"path":"C:\\Users\\kroeh\\AppData\\Local\\Temp\\cba-tool-temp3736538296429066388\\resources","name":"videotest.ogv"}],"bilingual":false}