{
  "runtimeCompatibilityVersion" : "9.9.0",
  "itemName" : "UnitTestLogging",
  "itemWidth" : 1024,
  "itemHeight" : 768,
  "tasks" : [ "Task01" ],
  "resources" : [ {
    "pathInZip" : "resources\\audiotest.ogg",
    "size" : 28969,
    "type" : "audio"
  }, {
    "pathInZip" : "resources\\map.png",
    "size" : 1527,
    "type" : "image"
  }, {
    "pathInZip" : "resources\\videotest.ogv",
    "size" : 497938,
    "type" : "video"
  }, {
    "pathInZip" : "resources\\img.png",
    "size" : 223,
    "type" : "image"
  } ],
  "externalResources" : [ {
    "pathInZip" : "external-resources\\example.html",
    "size" : 8451,
    "type" : "urlTarget"
  } ],
  "dependencies" : [ ],
  "variables" : [ {
    "name" : "V_PageAreaToggle",
    "type" : "integer"
  }, {
    "name" : "V_TraceTextCounter",
    "type" : "integer"
  }, {
    "name" : "V_VariableValueInput",
    "type" : "integer"
  }, {
    "name" : "V_ScaleValueInput",
    "type" : "integer"
  }, {
    "name" : "V_SpinnerValueInput",
    "type" : "integer"
  }, {
    "name" : "VarA",
    "type" : "integer"
  } ]
}